id,text,Positive,Negative,Neutral
2938,First of all I do not think you need all these.,0,1,0
6329,And now my app is getting it's app Token and i can use it to publish messages but the problem is those messages can not be viewed on the app page it self.,0,1,0
4040,But it's not necessary for our case.,0,1,0
4109,I suspect there may not be a good solution for this right now.,0,1,0
3569,Why is it reading it wrongly?,0,1,0
4813,Your CODE_FRAGMENT method calls itself recursively leading to an infinite recursion.,0,1,0
617,It might not reproduce consistently but at one point you might see the issue again.,0,1,0
5307,"As others have stated, this is not an issue with JPA/hibernate but rather with the json serialization library you are using.",0,1,0
3430,"As an aside, configuring the CODE_FRAGMENT that is created by the CODE_FRAGMENT is not supported.",0,1,0
5607,"Annotations like CODE_FRAGMENT and CODE_FRAGMENT will not work, unless you process them yourself and invoke the appropriate methods.",0,1,0
965,Not even sure what JSR that is.,0,1,0
3681,I tried the following and it returns nothing.,0,1,0
5542,It's not possible using the Selenium WebDriver API.,0,1,0
2009,I found API_NAME but that is for Ubuntu and not for Windows.,0,1,0
4942,Because it's not initialized yet.,0,1,0
4295,This is not my intention.,0,1,0
3842,"What I don't understand is -- if one thread is still stuck, deadlocked, inside CODE_FRAGMENT, then how come all the other threads were able to get past the CODE_FRAGMENT call?",0,1,0
3287,does not work without previously setting the FILE_NAME.,0,1,0
4869,I'm about to hang myself with the little rope I have left.,0,1,0
1791,But the exception is occurring.,0,1,0
3186,Only the LoginHandler fails to compile.,0,1,0
964,Not related.,0,1,0
4775,I wrote this code to update a patient in a derby database but it throws a CODE_FRAGMENT.,0,1,0
2022,There are many errors in this code.,0,1,0
1921,I am not able to find any documentation or info.,0,1,0
2578,Someone on StackOverflow had similar problem.,0,1,0
1613,At the moment I am receiving a ClassNotFoundException to API_NAME.,0,1,0
448,the problem is the following.,0,1,0
342,I am not sure about Map implementation in HazelCast.,0,1,0
3134,But the underlying hard distinction between primitive and reference types remains.,0,1,0
3679,The problem is that when reader contains CODE_FRAGMENT it is not reporting ready.,0,1,0
5791,This code failed.,0,1,0
6326,I am new to this so maybe i'm doing somthing wrong.,0,1,0
5812,I have found out that certain misconfigured servers send an ``Unrecognized Name ''warning in the SSL handshake which is ignored by most clients... except for Java.,0,1,0
4637,The exception is throw on CODE_FRAGMENT.,0,1,0
3848,"When I tried to compile the tool, I get n error.",0,1,0
619,Still that does not guarantee that the first thread will run and only then the second one will check if the size > 0.,0,1,0
832,Maybe there are some problems with the path of the file ( on my pc )!?!?,0,1,0
3927,"I have created a custom MenuBar in my Processing sketch ( using Eclipse as my IDE ), but it is not displaying.",0,1,0
994,I had the same issue using a remote postgres instance.,0,1,0
4698,The problem is that you wrote.,0,1,0
5803,"You can not supply system properties to the API_NAME tool, unfortunately.",0,1,0
3798,I searched a lot but i not found any solution.,0,1,0
2841,You absolutly need to be compiling FILE_NAME JRE NUMBER!,0,1,0
2127,"It seems, that there must be some problem when genereting the response.",0,1,0
187,"However when I try to run FILE_NAME, it gives ``The system cant find the path specified error ''for the batch file.",0,1,0
726,But unfortunately it can not be used!!!,0,1,0
1027,I would avoid to generate the full XML String ( see @AdriaanKoster 'response ).,0,1,0
1336,Your API_NAME is messed up and doesn't list dependencies properly.,0,1,0
4079,Java JTextPane JScrollPane Display Issue.,0,1,0
583,NOT WORKING: directly compiled the src on Unix machine and used FILE_NAME files.,0,1,0
3214,I can not read correctly a CODE_FRAGMENT and i have charset problem.,0,1,0
2120,"Anyway, their current behavior does not allow what you want.",0,1,0
2468,The important different between these two approaches is that with the multi-threaded example there's no guarantee of processing order.,0,1,0
491,"When I run my client, it throws the following exception.",0,1,0
2584,i am trying with Jackson but im getting no suitable output.,0,1,0
2928,"This is an absurd, unreasonable and frankly ridiculous requirement; I can't imagine what use such a data structure would be good for.",0,1,0
940,But the file output messes with the chinese characters.,0,1,0
1812,I don't have any code to show because I don't know where to start.,0,1,0
2862,"There is, of course, an API for the DRL compiler's parser, but it isn't stable and as complex as DRL rule syntax, which is considerable.",0,1,0
139,"All attempts I've made were, in a shortcut, unsuccessful.",0,1,0
2999,This line gives the error.,0,1,0
2008,I tried to download API_NAME file but I am not getting the file on net.,0,1,0
2130,But as far as I create the entitymanager - which not necessary has anything to do with the response - it crashes... ( I still respond with just 200 ).,0,1,0
1455,"Connections, on the other hand, are expensive and need to be managed carefully by the application.",0,1,0
521,i did come across the same issue with Java API_NAME works in JDKNUMBER.,0,1,0
4945,( So the problem is CODE_FRAGMENT ).,0,1,0
1152,"A workaround might be to use reflection, however this isn't a generally recommended approach for a number of reasons ( brittleness, performance problems, breaking encapsulation, etc ).",0,1,0
4551,This isn't valid Java.,0,1,0
361,But the above code doesn't work outside the ``FILE_NAME JavaAgent`` FILE_NAME of the main Agent.,0,1,0
4578,"Well, the funny part is, we do not know.",0,1,0
2010,I find this error when I am trying to open this file.,0,1,0
4167,"I learned that such beans are proxied using CGLib, but still can not figure out how proxy can handle thread.",0,1,0
3366,They all fail with the following error.,0,1,0
1230,"AS I know, it's impossible in the case.",0,1,0
1622,"It didn't make any difference, I receive the same error.",0,1,0
3024,"I am using standout library, I added a videoView in it, Everything is running correctly, Except if i click on video then mediaController Is not Showing and i am getting null pointer exception.",0,1,0
587,"For some mystic reason, the workflow is not enetering if ( )... Same exact code runs perfectly if I directly paste FILE_NAME files from Eclipse's bin folder.",0,1,0
892,"After entering the details, when the button is clicked, the entered data must be displayed as shown below, but I am not sure how to align it.",0,1,0
3132,And an CODE_FRAGMENT argument type can never accept a CODE_FRAGMENT.,0,1,0
5670,"When I first saw it, I was horrified.",0,1,0
3935,"I expected there to be a CODE_FRAGMENT Menu in the CODE_FRAGMENT, but there is none.",0,1,0
1566,"My previous code example used CODE_FRAGMENT to fuse the filter and map operations, but this was cumbersome and provided no advantage.",0,1,0
2150,"The following warning messages should be ignored, they are `false-positive 'alert messages.",0,1,0
3172,You have problem with classpath.,0,1,0
6385,You can't suspend a thread like that.,0,1,0
4812,"I understand why you tried CODE_FRAGMENT, but with the fix above we no longer need that, we can just declare it CODE_FRAGMENT.",0,1,0
1663,An SQL EXCEPTION is being caught saying API_NAME: [ Microsoft ] [ ODBC Driver Manager ] Data source name not found and no default driver specified ''.,0,1,0
4947,"I need all subclasses to execute CODE_FRAGMENT, but I can't rely on them doing it explicitly.",0,1,0
1424,so I'm not happy with it.,0,1,0
2244,"Since this afternoon, it have started to give an error and the process ends, leaving to process thousands of files.",0,1,0
2298,"Bear in mind, that the above code might not compile ( I haven't tried it out myself... ).",0,1,0
4596,The data structure you are saving your data is not very optimal for the days with daylight saving time.,0,1,0
2259,"Its a little complicated, there is a full example in this loadNativeLibrary ( ) method.",0,1,0
2479,since a day I have a very annoying problem - I can't run any Spring MVC application: / Today I have tried to write something basing at Spring Documentation.,0,1,0
5636,"It says that you dont export the JUnit Library into the build, and if the build relies on the functionality of that lib, there might occur CNF-Exceptions.",0,1,0
6378,"There's no way to do that, AFAIK.",0,1,0
2278,Here is an example I don't understand.,0,1,0
5718,"Drawback of above approach not using copy of data is that thread safety is harder to achieve, though.",0,1,0
5256,"As you can see, the translucent text is clearly standard AA and rather than a clean translucent rendering, it has that awful '90s ``spidery ''appearance.",0,1,0
5567,I have read the Doc but i am not clear what is meant by CODE_FRAGMENT.,0,1,0
2575,I think that you have a problem described in this bug report.,0,1,0
4636,This is part of the code which was working fine and now it's not.,0,1,0
3853,I don't know what else to do to make things to work.,0,1,0
3382,The following is the error I keep getting.,0,1,0
1223,That can hide an error and keep you searching for dogs a whole week while the problem was really a cat ( ch ).,0,1,0
855,... but no such thing exists.,0,1,0
6309,On Facebook i ran in to a problem.,0,1,0
2128,"I can successfully call my service but when generating the response, it seems to crash.",0,1,0
3398,"But unexpectedly, I am getting 66.",0,1,0
1388,Without that information you have to start the debugging process by guessing.,0,1,0
2745,Wrong CODE_FRAGMENT CODE_FRAGMENT attribute.,0,1,0
2958,"This means, it was not possible to resolve the dependencies of the API_NAME to the API_NAME.",0,1,0
1763,"If you've created your File IO and pulled from it in a weird way, you can corrupt the encoding of the key material.",0,1,0
2899,But this refernce doesn't solve my problem.,0,1,0
1261,Server not starting in Eclipse Gallileo IDE with WAS7.,0,1,0
444,I am not sure why I can not get it to work and have been struggling with it for a while.,0,1,0
580,This is the first time I've encountered something like below.,0,1,0
3396,But it isn't working like I expected.,0,1,0
2399,Not sure why but I am getting following error from my FILE_NAME.,0,1,0
3965,but still nothing.,0,1,0
5649,"If I run the code in the GUI, it just hangs.",0,1,0
2606,"I'm a little worried that they use a ``busy-waiting ''mechanism, as it would produce a lot of overhead.",0,1,0
201,"in a application you can workaround with scaling the window size, but in an applet I wasn't able to solve that problem.",0,1,0
4645,I've notice that some of the feeds had false value.,0,1,0
1504,i try to return an output ( type date ) in a web service but i receive a weird result.,0,1,0
90,That is what is causing your null pointer exception.,0,1,0
1244,It is not advisable to avoid an exception with an empty catch block even though you are completely sure that is not going to fail under any circumstance.,0,1,0
2971,then I gets the module error again from JNA.,0,1,0
4940,Here is a demo for the naive implementation which doesn't work.,0,1,0
436,"Please note there is a bug in FILE_NAME, L996 +997.",0,1,0
5655,I have looked and found that there are some packages that would automatically enter my keyring on login but that isn't really an option.,0,1,0
2533,Any idea what i might be doing wrong.,0,1,0
2965,"But now I think the problem is, JNA creats temp files for the native librarys wit ``jna ''prefix and a unique generated numeric value.",0,1,0
2872,I'm having trouble figuring out how to do this in drools 6 +.,0,1,0
3244,If I give the 2 input given below it is showing an error.,0,1,0
5310,We ran into the same sort of problem with Flex and JPA/Hibernate.,0,1,0
526,I am unsure how to return an array that will avoid returning CODE_FRAGMENT as an element of that array.,0,1,0
5887,This is an issue with how volley handles HTTPUrlConnection and retry policy.,0,1,0
1255,"You are really asking too much of the Java runtime ( and Jackson library ), by trying to make them infer all the required information about the type to be instantiated ( based on the parameterized return ).",0,1,0
3639,I don't know if it is possible to show timer on cards.,0,1,0
5964,So it's basically in the wrong form.,0,1,0
2161,My logcat.,0,0,1
2229,If you're interested I have more to add ( since there's not a lot out there about this topic )... We are currently using maven ``js ''artifacts so we can leverage maven's dependency management with our 3rd party js.,0,0,1
4178,And all injections occurs just once - on application starting.,0,0,1
4914,Here list is the list of all question you are having....,0,0,1
1714,"For example date like CODE_FRAGMENT should be converted to 13 February, 2013.",0,0,1
1177,Maybe JavaScript can do the desired actions?,0,0,1
4107,iml file if anyone is curious how Intellij is viewing this module.,0,0,1
242,Any solutions out there?,0,0,1
946,Of course it is up to you to re-organize the code to your needs.,0,0,1
4023,"You are using Java 7, so if you can in your current environment, give it a try.",0,0,1
3539,I have to fetch time stamp from DB and retrieve only time and compare two time.,0,0,1
4648,"The datasource should load from jndi, this is my API_NAME.",0,0,1
6203,Jar file check following link.,0,0,1
1133,Here is a code that I have written.,0,0,1
3665,You have to do it like this.,0,0,1
2254,I have a native library that I call using JNI.,0,0,1
1306,Currently I'm working on a school project for a Java course.,0,0,1
2951,"But this library has a dependency to other native library, which cames bundled with the API_NAME.",0,0,1
4714,"startIndex is the initial index of the range to be copied, inclusive.",0,0,1
2295,On a sidenote.,0,0,1
1024,"So, to send a message to specific socket all you need is to call CODE_FRAGMENT.",0,0,1
4613,Omitted time zone.,0,0,1
4699,But you should have written.,0,0,1
5087,Can I use a recursive function?,0,0,1
2645,Say I have a input field which will only accept a CODE_FRAGMENT when the submit button is pressed.,0,0,1
816,How should I encode these 2 parameters to be consistent with what w3schools says is correct ( or is w3schools wrong? ),0,0,1
1375,here is the server code.,0,0,1
1532,Does anyone know how to resolve this problem?,0,0,1
833,"CODE_FRAGMENT type of inputs are not simple attributes, they are sent in separate chunk of the request.",0,0,1
2415,Example ( 35 degrees ): WEB_ADDRESS.,0,0,1
2613,Please not that in the above code CODE_FRAGMENT method will close not only the CODE_FRAGMENT object itself but also its underlining stream ( i.e. keyboard input ).,0,0,1
2005,It was caused by the scenario drawn at WEB_ADDRESS of Microsoft.,0,0,1
551,By default CODE_FRAGMENT sets all parameters on the value stack.,0,0,1
2312,CODE_FRAGMENT Terminates the current line by writing the line separator string.,0,0,1
5450,If there aren't any the masseur goes to bed again.,0,0,1
3632,You need to encapsulate the regex pattern in quotes.,0,0,1
181,I kept the batch file as a resource in the source directory.,0,0,1
2997,I am using Android Studio.,0,0,1
2187,"That is, it checks to see if these two objects are literally the same spot in memory.",0,0,1
2817,DO_NOTHING_ON_CLOSE ( defined in WindowConstants ): Don't do anything; require the program to handle the operation in the windowClosing method of a registered WindowListener object.,0,0,1
3888,This way this variable get configured in every instance you use.,0,0,1
3598,The `API_NAME 'property represents an estimate of the number of words in the Word document.,0,0,1
6363,"Say, after several text appended to a text area, I want this to be appended.",0,0,1
5174,The regex is.,0,0,1
1075,I was able to figure this out.,0,0,1
959,It is integrated in Hibernate 4.,0,0,1
3269,CODE_FRAGMENT is what you use to create an object in managed heap.,0,0,1
2741,In order to avoid such problems in future you'd better use some IDE ( e.g. Netbeans IDE or Intellij IDEA ).,0,0,1
2149,Someone saying here that.,0,0,1
5908,"If you have access to the configuration of your EJB container and you can set the executor, then you could Guava's addCallback method.",0,0,1
3514,"Something like below,.",0,0,1
4588,When I sum 3 hours to my midnight I get 04:00:00!,0,0,1
5135,"When you get your CODE_FRAGMENT, immediately convert to API_NAME types.",0,0,1
5732,A small description of application is as follow.,0,0,1
259,You can get all notifications using ftplet.,0,0,1
4580,"That's exactly why you should always store date and times in relation to UTC and convert them to local time zone before displaying, otherwise you risk an ambiguity.",0,0,1
2287,It will read a byte each time here.,0,0,1
2995,Sample code on working with blob can also be found in the repository here.,0,0,1
2168,"If so, you should provide CODE_FRAGMENT by yourself at it's constructor.",0,0,1
4024,It's meant for performance with big heaps.,0,0,1
1744,My task is the following.,0,0,1
4713,Use copyOfRange method API_NAME.,0,0,1
5168,You probably mean.,0,0,1
5653,My code follows.,0,0,1
5082,"I've a JSON structure which is fully dynamic, I don't always know what structure will come from it.",0,0,1
1020,It supports API_NAME NUMBER + clients.,0,0,1
734,Do you have any hints to avoid this error?,0,0,1
2421,Please refer to the code below.,0,0,1
3894,try this type code.,0,0,1
3031,I have tried using both a VBox and an HBox but I am not able to see a difference in my result.,0,0,1
204,"actually, it looks smth like this.",0,0,1
3759,"I am not sure exactly how static classes in included libraries work, scope wise.",0,0,1
1299,My dependecies for apache Batik in API_NAME is as follows.,0,0,1
2172,An CODE_FRAGMENT is.,0,0,1
358,In that agent I can get an inputstream on the font file using this code.,0,0,1
2834,"Although, the console tells me that there is one instance up and running and the LOCAL_ANDROID_RUN variable in FILE_NAME is set to false.",0,0,1
2959,"In the debug outputs of JNA i can see, only the API_NAME will extract from FILE_NAME package.",0,0,1
5733,"The application is basically an object manager, where user add new object, remove old objects and connect object with each other.",0,0,1
3294,One last note: you mentioned that your line ``lacked API_NAME ''.,0,0,1
6273,"Assuming instance variables, frst way, EC, CC, PT are ZERO.",0,0,1
4583,"Here is an example ( please, note that March 30th 2008 is Daylight Saving change in Italy ).",0,0,1
2217,Is there a best practices in using bower with a web application such that the application isn't bloated with unnecessary third-party library files?,0,0,1
419,Thank you in advance.,0,0,1
2881,What exists for programmatically creating new rules from Java?,0,0,1
2265,See NativeSystem.,0,0,1
2228,"If we move forward with this, this is what I envision.",0,0,1
490,And I'm using the following block of code to invoke the service.,0,0,1
5365,Here is the Tomcat 6 LOG ( it sends to subscriberID '99' ).,0,0,1
4052,"( If you're not using Java 8, it's easy enough to write a CODE_FRAGMENT which takes an existing one, and a CODE_FRAGMENT which takes two existing ones. )",0,0,1
2086,"So, I thought I could create FILE_NAME that counts and pass the stream through a API_NAME code is in this answer.",0,0,1
1377,How to fix it?,0,0,1
2387,modified_package_name / name.,0,0,1
4004,"As part of GC, first minor GC is triggered.",0,0,1
1789,I want to list all album list from my picasa album.,0,0,1
6205,Hope it will help you.,0,0,1
1669,click on ``Start ''button - > click on`` Control Panel''.,0,0,1
3669,Remember you should use FULLY QUALIFIED CLASSNAME.,0,0,1
3790,Person repo interface.,0,0,1
3781,How can i do that?,0,0,1
1684,Types of Drivers.,0,0,1
1184,"On the client side, you check the progress every few seconds until you see it's finished.",0,0,1
4378,"Recently, I tried to implement the AppBarLayout with tabs.",0,0,1
1385,You should always check the return values of functions for error conditions.,0,0,1
3856,It dependes where it is exactly located.,0,0,1
2922,"UTF-8 encoding uses one byte for ASCII, two bytes for many europe languages.",0,0,1
3557,is there FILE_NAME api to translate it?,0,0,1
2186,CODE_FRAGMENT against an object checks for reference equality.,0,0,1
2604,I am specifically referring to InputStream ( Java SE ) and its implementations.,0,0,1
4949,"Note that I used CODE_FRAGMENT, not CODE_FRAGMENT, because the latter only processes public fields.",0,0,1
4070,I have to implement gtalk like chat application using UDP FILE_NAME.,0,0,1
665,Of course you can combine both.,0,0,1
897,Add a listener to your ``Submit ''button.,0,0,1
2353,That shouldn't be an issue though.,0,0,1
5325,But I want to connect this mobile application to the IIS server.,0,0,1
3719,"install4j transforms entered package names to path names, so ''.''",0,0,1
3772,"That being said, the JARs you see there only support JPA, not core Hibernate.",0,0,1
6330,I know the message is posted because i can access it using WEB_ADDRESS Now my new question is.,0,0,1
1370,"With Spring 4, it's now possible to use TestPropertySource.",0,0,1
2730,The API_NAME file code is.,0,0,1
2644,You could simply add another Jar task and give it a unique classifier to distinguish it from the ``standard ''library.,0,0,1
2609,"It's up to the implementation ( which will depend on the kind of input stream you're using ), but generally it's likely to use a blocking OS-level API, so the efficiency will depend on the OS.",0,0,1
4133,I modified the ``API_NAME ''file.,0,0,1
2611,the exception is on line 72 and 114.,0,0,1
4389,Config example for spring is available at.,0,0,1
895,Then it's up to you to add the relevant code to the method body.,0,0,1
2883,"I don't know if this is the `accepted 'way, but with the following code I comine CODE_FRAGMENT files with programmatically created rules in Drools 6.",0,0,1
634,A FILE_NAME name should be used.,0,0,1
1347,jars within lib / folder to your classpath.,0,0,1
6299,First declare all variables.,0,0,1
1030,Any tip?,0,0,1
5789,I had what I believe the same issue is.,0,0,1
5552,Now you can write your Selenium WebDriver code as below.,0,0,1
4666,You are setting adapter eveytime after executing doInBackground.,0,0,1
1422,"I did some modification and in the end it was working, but it does not support odata functionallity ( queries like $filter, $oderby,... ) and for each request I need a new instance.",0,0,1
591,"Using the code above, it should look like this.",0,0,1
4924,"In this situation, when I click on the greyed out widget, I need to start the app.",0,0,1
1513,FILE_NAME has a few abstract methods of its own.,0,0,1
5561,The output looks like this.,0,0,1
4874,---------------------------- ^ should be replaced with CODE_FRAGMENT and appended to the whole string.,0,0,1
1339,Ensure FILE_NAME contains CODE_FRAGMENT or that your manifest hierarchy points to FILE_NAME that contains FILE_NAME.,0,0,1
5761,can someone help me how to do this with a piece of code.,0,0,1
348,Your EntryListener will be called by Hazelcast's internal threads.,0,0,1
25,So I do the following.,0,0,1
6304,Documentation: WEB_ADDRESS.,0,0,1
1861,you need to have FILE_NAME in your classpath in order to reslove this.,0,0,1
5849,Our CODE_FRAGMENT was set to the internal host name.,0,0,1
2880,drl file for creating new rules and modifying rules.,0,0,1
4659,i am making application that have scroll listener that add data from multiple URL.,0,0,1
4619,Like this: CODE_FRAGMENT.,0,0,1
6298,You can also do it as follows.,0,0,1
1848,keyboard is what I named the Scanner.,0,0,1
457,You use the simple array with the fix size 5.,0,0,1
2121,I finally found my error!,0,0,1
4130,"NUMBER mapping-file, FILE_NAME-file, FILE_NAME, exclude-unlisted-classes.",0,0,1
672,You could use a kind of strategy.,0,0,1
5548,Here is an example in Java.,0,0,1
1111,Why don't you try Easymock or Mockito.,0,0,1
3393,For more Information: WEB_ADDRESS.,0,0,1
2437,InsertandRetriveBlobData.,0,0,1
5394,Select the JRE that is used for your projects and hit edit.,0,0,1
5322,I will post it here if I find anything new.,0,0,1
2403,"WEB_ADDRESS #setString% API_NAME,% API_NAME% 29.",0,0,1
1344,Imagine your dependencies where stored in a CODE_FRAGMENT folder outside your CODE_FRAGMENT.,0,0,1
2833,I then click on the button but I get this error message.,0,0,1
4761,The output that I get is -.,0,0,1
3454,"If you use CODE_FRAGMENT, the loop will terminate and CODE_FRAGMENT will be reached.",0,0,1
691,"In some cases there is a trade that you need to do, thus you should take into account your project's requirements.",0,0,1
3915,You can use syntax like.,0,0,1
6331,Is this the correct way to display posts on the app page?,0,0,1
689,You would only need parsers and a successor to each parser.,0,0,1
2430,where CODE_FRAGMENT is your CODE_FRAGMENT.,0,0,1
4060,Thanks alot!,0,0,1
4260,Any help will be greatly appreciated.,0,0,1
5016,Hmmm.,0,0,1
1149,You can't access a private method from an FILE_NAME.,0,0,1
6240,Let's look at a sample call.,0,0,1
2477,this is FILE_NAME to read your data from BlockingQueue.,0,0,1
3055,"so, how we can parse above like example expression easier, or FILE_NAME api for string parser.",0,0,1
1717,Using CODE_FRAGMENT.,0,0,1
4793,This would look like.,0,0,1
4969,"You can use CODE_FRAGMENT with a dynamically created format string, e.g. input CODE_FRAGMENT should become CODE_FRAGMENT.",0,0,1
5122,Avoid legacy date-time classes.,0,0,1
1395,In the future study the input and the output of your systems carefully.,0,0,1
2812,The file chooser's parent was the main window.,0,0,1
1918,Is any function or api available to intercept addCookie ( ) so that the cookies set by the servlet will be encrypted using servlet filters.,0,0,1
2490,it will tell from where to pickup the root-API_NAME.,0,0,1
2540,Working Python Code.,0,0,1
2775,"Use CODE_FRAGMENT instead, and get this string from a CODE_FRAGMENT.",0,0,1
2910,If not I just wanted to know if Java serializes objects that haven't been initialized yet.,0,0,1
5196,"If so, please show an example.",0,0,1
334,Can i use the Object o parameter specified in the vote interface method?,0,0,1
5113,Consider the following interface.,0,0,1
5275,url: WEB_ADDRESS.,0,0,1
5551,To get HTTP Response code FILE_NAME.,0,0,1
5498,"If you mean ``direct ''ByteBuffers, there's a put method which accepts other CODE_FRAGMENT instances so you can copy around.",0,0,1
5464,"As long as the customer does not enter the saloon, it holds NotSleeping.",0,0,1
3758,In App 2 if I call API_NAME ( ``Test1 '') will I get a null pointer exception or will I get 1?,0,0,1
945,"The answer from @hyde is valid, but I have two extra notes that I will point out in the code below.",0,0,1
2072,You may try like this.,0,0,1
5146,Specification is JSR 310.,0,0,1
5185,You are missing CODE_FRAGMENT for that your patter not match because it contain more than one character or number.,0,0,1
6305,I'm trying to post comments on an app page in Facebook.,0,0,1
6340,#NAME?,0,0,1
5657,Use the SVN Kit library instead.,0,0,1
5344,This is especially true for long lived callbacks.,0,0,1
3099,"I did not remove sunpkcs # 11 provider after each API_NAME (... ) call,.",0,0,1
6032,We apply a time zone only to report a particular region's wall-clock time to the user.,0,0,1
5372,For deails see Adobe forums thread.,0,0,1
5728,Here is a brief description of it.,0,0,1
5509,"Until you create an object and assign it to the variable holding a reference to it, the value of that variable is CODE_FRAGMENT.",0,0,1
1545,As per the Java doc.,0,0,1
523,Delete with a payload works fine in Jersey clients 2.x.x.,0,0,1
2886,The following comment is found at the Java documentation.,0,0,1
527,"I.e. if there are 4 students in the initial array, but only 2 are failing, my array is returning: student1, student2, null, null.",0,0,1
784,The folders in the tree would be ``server ''objects ( a FILE_NAME ) created by the root ( the FILE_NAME ) which in turn have`` application'' objects ( FILE_NAME ) created by a method in the server object.,0,0,1
5842,"Alarmingly, my customer has discovered a setting in the Java control panel which resolves this.",0,0,1
1906,You need to inject LocalSessionFactoryBean into ObjectMapper.,0,0,1
4544,Concept of atomicity comes when something is mutable.,0,0,1
4277,"What you probably want is CODE_FRAGMENT, which returns CODE_FRAGMENT if the cursor is not at the beginning of the result set OR if the result set is empty.",0,0,1
4453,Applet and JSP Communication.,0,0,1
1950,"The fact that the size constraint, and expansion is only related to CODE_FRAGMENT can also be a reason, not to add this behaviour to the method.",0,0,1
6348,The result was byte [ ].,0,0,1
2536,Some other pointer.,0,0,1
739,Thank you!,0,0,1
6361,"Note that the GUI's CODE_FRAGMENT can update arbitrary components, and the progress bar can be customized.",0,0,1
3193,When I perform CODE_FRAGMENT request to CODE_FRAGMENT I get following JSON.,0,0,1
3395,I needed to write a program which adds binary numbers as if they were decimal.,0,0,1
3761,I am curious about the problem I have proposed.,0,0,1
5293,There are several options.,0,0,1
1490,I'm using netbeans for FILE_NAME coding.,0,0,1
2165,"CODE_FRAGMENT is thrown, because CODE_FRAGMENT is CODE_FRAGMENT.",0,0,1
6254,and finally here is the FILE_NAME.,0,0,1
4089,FILE_NAME does not get listed in the maven dependency tree.,0,0,1
4875,"I've read a bit and tried out some of the libraries which were pointed out here, such as Velocity and FreeMarker.",0,0,1
866,What about CODE_FRAGMENT and calling CODE_FRAGMENT on the returned CODE_FRAGMENT.,0,0,1
4278,"It isn't, not at least at JPA level.",0,0,1
2418,I have modified your code to add them.,0,0,1
5,and then override this with CODE_FRAGMENT so that I could do.,0,0,1
3928,Here is a MacOSX MenuBar.,0,0,1
5537,Check if your Table has that style bit.,0,0,1
119,"Also, what's the difference between wait() and await() from CountDownLatch?",0,0,1
3938,I am using Java SE version NUMBER.,0,0,1
105,and hear is the code to connect.,0,0,1
607,If I got this right.,0,0,1
2650,"You'll need to customize the formatter's CODE_FRAGMENT method, since NumberFormat normally ignores trailing characters.",0,0,1
2260,A few notes.,0,0,1
3666,Here's an alternative way.,0,0,1
1983,JSTL will make the CODE_FRAGMENT tag available which can be used to iterate over you collection.,0,0,1
3931,I am running the program as a Java Application.,0,0,1
698,Tried just to see the response.,0,0,1
4749,"Page contain also other components: grid, textarea and etc..",0,0,1
2920,Each String object contains set of UTF-16 chars.,0,0,1
911,"In a word, no.",0,0,1
6095,I wrote a newsletter about this on The Java Specialists' Newsletter.,0,0,1
2921,It means 2-bytes per symbol in most case.,0,0,1
4013,"So there are a few possible causes to your woes and I'll state the likely quick fix first, and then state some best practices below that you should consider doing in the long term.",0,0,1
1967,Here is what the content of FILE_NAME ended up looking like.,0,0,1
2013,I am looking to plot cluster heat maps from gene expression data that I have.,0,0,1
5877,The CODE_FRAGMENT header is filled by the CODE_FRAGMENT based on the URL.,0,0,1
6030,Power tip: Stop thinking in any particular time zone.,0,0,1
371,in order to have a more powerful client ( with drag and drop ).,0,0,1
5911,"Guava provides a factory method for decorating each ExecutorService as ListeningExecutorService, so you are free to use whatever ExecutorService you had beforehand.",0,0,1
560,How do I select which function is to be called during run-time?,0,0,1
3370,Dug this up: WEB_ADDRESS.,0,0,1
1212,or if your goal is to wrap an existing method that does declare its exception.,0,0,1
3290,So you can do.,0,0,1
4783,ASCII codes... Characters are understood as integers in the above code ( e.g. CODE_FRAGMENT is 65 ).,0,0,1
4615,Should have been translated to UTC time.,0,0,1
5374,Enjoy and thank you for your time!,0,0,1
4197,CODE_FRAGMENT working almost same way.,0,0,1
1880,and to declare getters and setters for you fields.,0,0,1
4047,One way would be.,0,0,1
1180,Poll the server ( requires a progress API ) periodically ( via javascript ) for the processing status and update the page accordingly when you get a positive result.,0,0,1
352,This can be done by submitting a runnable to an ExecutorService maintained by you.,0,0,1
1849,This prints ``Press Enter ''to the console and makes sure the input box is empty.,0,0,1
6295,all variables will be initialized ( with value 1 ).,0,0,1
2432,"If you include the appcompat lib as you do above, you don't need to include support-v4 at all; appcompat depends on it, and the build system will do the right thing.",0,0,1
4327,I have set up the Interface as follows.,0,0,1
2423,I am using the appcompat_v7 project as a library project in eclipse.,0,0,1
5582,While I would expect.,0,0,1
1412,I'm considering making an Android app that integrates OData also.,0,0,1
4442,If you use the XMPP protocol.,0,0,1
778,I am trying to figure out how I could make something that looks like a folder file structure for a Java shell I am trying to make.,0,0,1
1316,"That said, you should be using prepared statements.",0,0,1
1482,Important is that you use the right names for packages.,0,0,1
4996,Optionally replacing the CODE_FRAGMENT with the actual processing logic.,0,0,1
3007,FILE_NAME project is called Osmosis and contains 2 packages search and common.,0,0,1
5637,"As of JUnit there shouldnt be a dependency for your build, right?",0,0,1
883,What you'll want to do is get the CODE_FRAGMENT of FILE_NAME using the CODE_FRAGMENT method then use the CODE_FRAGMENT method of the CODE_FRAGMENT to retrieve all of the ``getter ''methods of the bean.,0,0,1
4913,"like this just capture all user input data, No need for the database in this.",0,0,1
2471,I start a new Thread for handling each remote object.,0,0,1
6358,"As an alternative to marking progress in the CODE_FRAGMENT itself, consider decorating it with a CODE_FRAGMENT or a variation.",0,0,1
2495,"However, you can find the documentation in the OpenJDK source itself.",0,0,1
2018,I used Matthew Beckler's Java Heat Map a while ago.,0,0,1
5463,You could use a fair Semaphore called NotSleeping.,0,0,1
1160,Then you can also add additional access paths to the stuff you want.,0,0,1
3463,This was configured in an API_NAME as follows.,0,0,1
2556,Take a look at this article.,0,0,1
5220,"I took several measures,.",0,0,1
418,"For example: if I have an excel sheet populated, I can change the value of certain cells while leaving the value of others?",0,0,1
3524,Hope it clarifies.,0,0,1
6004,"Each date for which you want to create an appointment can be represented as a CODE_FRAGMENT, FILE_NAME for a date-only value without a time-of-day and without a time zone.",0,0,1
870,"CODE_FRAGMENT is made of CODE_FRAGMENTs, not CODE_FRAGMENTs.",0,0,1
3963,The code i am using is.,0,0,1
4391,I have defined an object CODE_FRAGMENT and in my controller I have.,0,0,1
6191,While working with netbeans I have to make a new file of category CODE_FRAGMENT.,0,0,1
1668,You need to create DSN in windows 7 using following steps.,0,0,1
4001,CODE_FRAGMENT informs Java VM when CMS should be triggered.,0,0,1
4620,No Midnight.,0,0,1
6076,There is another angle to this.,0,0,1
5593,"To register the bean, try calling: CODE_FRAGMENT and pass a CODE_FRAGMENT you filled.",0,0,1
2896,Adding API_NAME ( ) after awaitTermination ( ) method call can provide a delay which can get you the output you were looking for.,0,0,1
57,the way this projects i associated is.,0,0,1
1853,The CODE_FRAGMENT method will block until it can read a token.,0,0,1
2480,So i created this from scratch.,0,0,1
3407,"If you want to print a int as binary, use CODE_FRAGMENT to get the string representation of a CODE_FRAGMENT in binary.",0,0,1
1877,Add public ``getter ''methods where necessary.,0,0,1
1835,You can then iterate through each departure element.,0,0,1
4572,"Precisely at March 30, 2010 01:00 UTC we switch time from +1 hour to +2 hours versus UTC, so March 30, 2010 00:59 UTC is March 30, 2010: 01:59 CEST, but March 30, 2010 01:00 UTC become March 30, 2010 03:00 CEST.",0,0,1
5133,"Instead, use API_NAME classes.",0,0,1
1856,"When the line is empty, it will return an empty string, CODE_FRAGMENT, not CODE_FRAGMENT.",0,0,1
1281,"Suppose to have an FILE_NAME, say CODE_FRAGMENT, and two non-abstract subclasses, say CODE_FRAGMENT and CODE_FRAGMENT.",0,0,1
1825,Any help appreciated.,0,0,1
2101,I suspect that's why the language designers made that decision.,0,0,1
2522,What happens if a thread is interrupted multiple times by different threads?,0,0,1
6001,"The length of the appointments, the span of time not yet attached to the timeline, should be handled as a CODE_FRAGMENT object.",0,0,1
4701,I can send POST request with this code.,0,0,1
5284,I've given an example below.,0,0,1
4843,More details in thread.,0,0,1
4647,EAR dependencies.,0,0,1
1142,See the documentation of FileWriter.,0,0,1
2203,Where Object is FILE_NAME you want.,0,0,1
645,I specified another directory as the output directory.,0,0,1
2519,In a word: No.,0,0,1
4191,"This means, that every time you will operate on the exact same object, that was originally injected on start.",0,0,1
4470,i'm trying to convert my date which is in string form to date.,0,0,1
3256,The program is just a hello world Program.,0,0,1
1414,I'm developing a mobile application.,0,0,1
2923,Also each String object contains reference to char array.,0,0,1
2691,Are there examples you have that could shed light on the above MapHelper's usefulness?,0,0,1
2102,Why it technically does not work without CODE_FRAGMENT.,0,0,1
4082,The unicode for white smiling face is\ u263A.,0,0,1
2206,First define an object to hold the entity coming back in the array.,0,0,1
596,Check the return of.,0,0,1
2836,How is that possible and what can I be doing wrong?,0,0,1
6099,How to send asynchronous HTTP GET/POST request FILE_NAME without waiting/reading response?,0,0,1
1593,Note: I am a committer for Eclipse Collections.,0,0,1
4043,At first we need to check that type is actually inherits from CODE_FRAGMENT.,0,0,1
968,"No, that not required/related.",0,0,1
577,Try using equalsIgnoreCase instead of straight CODE_FRAGMENT.,0,0,1
555,Have a look at.,0,0,1
2204,I found work around from this post WEB_ADDRESS.,0,0,1
1206,Declare below string FILE_NAME.,0,0,1
898,Note that ``myLabelForShowingTheOutput ''is the JLabel you want to print.,0,0,1
5640,I Add Junit >> > right click on project - > properties - > Java Build Path - > libraries - > add library.,0,0,1
146,I did this like this.,0,0,1
2315,This method behaves as though it invokes print ( String ) and then println ( ).,0,0,1
2194,Maybe this way... Controller code for the CODE_FRAGMENT.,0,0,1
2196,Used in CODE_FRAGMENT as well CODE_FRAGMENT methods.,0,0,1
1168,for problem number two are you adding anyting to the list.,0,0,1
4752,"So variable contain CODE_FRAGMENT, CODE_FRAGMENT, CODE_FRAGMENT.",0,0,1
1002,"Also, the compiled library is available by adding the following to API_NAME.",0,0,1
3887,"If you are using a PaaS ( like Heroku ), they usually provide a way to setup environment variables using their interface.",0,0,1
1625,I appreciate your help.,0,0,1
989,Any ideas?,0,0,1
398,You have to use the PowerMockRule.,0,0,1
183,resources/API _ NAME creation option: package required library into FILE_NAME ).,0,0,1
6071,"However, this comes at a price.",0,0,1
1993,Or there are any better approach for this?,0,0,1
4022,"If you can, try the G1GC collector.",0,0,1
2240,2 ) Create `bower_components' folder outside of your src folder.,0,0,1
1850,"If they press Enter it should break the While loop and move onto the next statement, right?",0,0,1
1134,When I open the file API_NAME it contains a single line of data.,0,0,1
2506,"a way to get FILE_NAME type, thread group or maybe just the priority of the interrupting.",0,0,1
281,"So we're wondering how do other API developers make their interfaces and beans accessible without relying on a context import ( which btw also clutters up the target context with many potentially unneeded beans, like for example if an API provides several services and I only want to use one )?",0,0,1
6289,"No, it's not the same.",0,0,1
589,Thanks a lot @maasg... Solution was to add synchronized ( myArrayList ) before I check the size in the Thread 2.,0,0,1
4726,Doesn't a for loop work exactly like the slice operator in python.,0,0,1
623,"Based on the stacktrace, your output directory is not empty.",0,0,1
4172,As you can see some of the code is generated at runtime in methods by CGLib enhancer.,0,0,1
5484,In both cases the BigDecimal shows me what the number is that it holds.,0,0,1
1707,Will it mean I can not use OAuth2 redirect URL will developing?,0,0,1
4182,"Let's find out, how scoped beans do work.",0,0,1
5333,you can create webservice and deploy it over IIS and consume it from j2me app /.,0,0,1
1608,The JUnit task page lists several ways in which you can make the FILE_NAME available to Ant.,0,0,1
1492,Any pointer why this keeps happening.,0,0,1
528,My current result when I do a test run in main is.,0,0,1
5258,Graphics Initialization.,0,0,1
1294,I convert the SVG file into a w3c Document.,0,0,1
6310,From what i have found the only API that is almost up to date is RestFB.,0,0,1
893,This is what I have so far.,0,0,1
1518,"CODE_FRAGMENT return an instance of type CODE_FRAGMENT which also CODE_FRAGMENT, but overrides some of the methods, including CODE_FRAGMENT and CODE_FRAGMENT.",0,0,1
2762,Second: you are mixing CODE_FRAGMENT ( instantiation through JSF ) with CODE_FRAGMENT.,0,0,1
4918,I have a CODE_FRAGMENT starting alongside with app.,0,0,1
2178,Please guide me on this problem.,0,0,1
3510,What happens if a thread has been executed same time more than once.,0,0,1
4968,Targetting to achieve.,0,0,1
1285,"Finally, if I try to deserialize as follows.",0,0,1
2226,for which you can specify the target directory.,0,0,1
3937,Some technical details.,0,0,1
1948,This method is intended to just re-use the existing array and not allocate any memory.,0,0,1
2541,I'm looking for a well-maintained Java bytecode manipulation library with an intuitive API.,0,0,1
2397,Hope this helps anyone out there!,0,0,1
2689,"In a FILE_NAME code base in my recent job, I see the below code.",0,0,1
4266,To get the terms we parse the TermsVectorResponse as follows.,0,0,1
779,I want it to resemble something like the linux folder structure ( having a root and all decending from it ).,0,0,1
98,"I am trying to use JNDI for the JDBC connectivity, but it returns NULL DataSource.",0,0,1
5397,All projects will see the changed JRE definition.,0,0,1
4400,The complete error message is.,0,0,1
4395,How do I achieve this?,0,0,1
1409,it can be found here.,0,0,1
3916,I am trying to write missed responses to an external text file.,0,0,1
5161,Can anyone told me how to compare this two in best practice?,0,0,1
5983,The book time should be from 20:00 -6:00.,0,0,1
3599,API_NAME updates this property when you call `API_NAME 'method.,0,0,1
6183,read here.,0,0,1
5138,An CODE_FRAGMENT is a moment on the timeline in UTC with a resolution of nanoseconds.,0,0,1
1124,"jMock, mocking based on Hamcrest Matchers.",0,0,1
1240,There are 3 things you can do.,0,0,1
2683,Component scan configuration file.,0,0,1
2269,Its always fun when you have concurrent applications extracting different versions of your naive library to the same location and filename.,0,0,1
2290,Quote taken from the CODE_FRAGMENT documentation.,0,0,1
5517,You have to new it up.,0,0,1
1432,The mentioned components generate a CODE_FRAGMENT.,0,0,1
590,"To access a shared structure in a multi-threaded environment, you should use implicit or explicit locking to ensure safe publication and access among threads.",0,0,1
2759,"You must capitalize the first letter of the property in the getter/setter, so instead of.",0,0,1
4385,Here is the XML layout.,0,0,1
2732,"When i run this API_NAME, their shows only the labels, and No button aor text field.",0,0,1
15,Now you can use.,0,0,1
4600,I recommend that you change the way you store your day and use a date.,0,0,1
4815,CODE_FRAGMENTs have default CODE_FRAGMENT methods that do as you expect.,0,0,1
5295,Otherwise you can enable eager fetching for particular query.,0,0,1
4727,This is a list in python.,0,0,1
663,Another option may be the Factory pattern.,0,0,1
1374,I'm new API_NAME and trying to make a simple client-server app.,0,0,1
5184,You can use this regex.,0,0,1
4415,see CODE_FRAGMENT.,0,0,1
1072,Has anyone ever tried to connect to a Yahoo Store using Yahoo API calls from Java?,0,0,1
464,So my question now is.,0,0,1
3050,Quick fix is to make the VBox as the parent of the StackPane.,0,0,1
1372,In addition to Biju Kunjummen answer.,0,0,1
3992,I've also verified previous GC logs and found that this issue was not forever.,0,0,1
134,Looking up the documentation is step one of any question.,0,0,1
3484,Does CODE_FRAGMENT work?,0,0,1
5971,I'm printing a String.,0,0,1
3037,( In this case I would have used.,0,0,1
4403,I tried below code and I got this output.,0,0,1
681,"This way, you can create new readers for any filetype dynamically.",0,0,1
4496,P.S. Tha last question for this is 4 years old so there is eventually a new solution for modern systems with java8 in combination with a native.,0,0,1
3361,"May be some resources will need to be copied from archives, too.",0,0,1
1454,"As long as your configuration doesn't change, you can create the Session once at the beginning and jsut keep using it.",0,0,1
140,What I am trying to do.,0,0,1
2643,A single Gradle project can produce any number of JARs.,0,0,1
5563,When that is ready I shall post the code.,0,0,1
3368,Let me know if there are any other details that might help!,0,0,1
2926,"So you can easy reduce count of objects by factor two ( one byte [ ] instead of pair String + char [ ] ), and array length of UTF-8 symbols usually less than length of UTF-16 chars.",0,0,1
136,CODE_FRAGMENT is an actual function of CODE_FRAGMENT whereas CODE_FRAGMENT is inherited from CODE_FRAGMENT.,0,0,1
4575,In a week you can expect another ``fun ''.,0,0,1
882,FILE_NAME is only useful if you are using standard Java beans naming conventions for accessing the properties of your entity.,0,0,1
1547,and the attributes inside context object will also.,0,0,1
3288,"Finally, ID Selectors work by specifying an id on the node.",0,0,1
6036,The FILE_NAME represents a moment on the timeline in UTC with a resolution of nanoseconds.,0,0,1
1951,That would just be extra code for the sake of just a particular CODE_FRAGMENT implementation.,0,0,1
4602,You might do something like this.,0,0,1
1018,You can try this one: WEB_ADDRESS.,0,0,1
879,Thanks in advance.,0,0,1
5615,"In a similar manner, you can populate the request scope ( ideally done in a filter ) using.",0,0,1
412,First declare it like this.,0,0,1
1841,Here is an example of a row from the timetable.,0,0,1
406,I added CODE_FRAGMENT to my Java Build Path.,0,0,1
1491,"Additionally, the CODE_FRAGMENT is never called.",0,0,1
1302,documentation of using the DOM api.,0,0,1
4728,This is how the slice operator would work.,0,0,1
3413,"After debugging, i found out, that when test spring context is started, in the.",0,0,1
6031,Think of UTC as the ``One True Time ''.,0,0,1
11,You can setup your API_NAME as filtered resource and have this value filled by maven from maven profile settings - that what we do.,0,0,1
4796,Single page export is limitation of this library used to export PDFs and currently page size is simply increased to accommodate more data.,0,0,1
145,"Well I thought I am authorized, once I used my API_KEY to authorize my access to GoogleBook.",0,0,1
4021,Try these longer term things in the long term.,0,0,1
2004,"Finally, we found the problem.",0,0,1
1996,The application connects to the AD using COM4J from the API_NAME library version NUMBER.,0,0,1
6190,Then what is a CODE_FRAGMENT?,0,0,1
1091,If I have a array with 3 profiles.,0,0,1
2220,"From the articles I read, I kind of get the following.",0,0,1
4842,But I used AspectJ loadtime weaving.,0,0,1
2433,So go ahead and remove FILE_NAME from your libs folder.,0,0,1
2081,you have to use CODE_FRAGMENT.,0,0,1
3855,"Use full path in ANT_HOME, eg.",0,0,1
6059,"With CODE_FRAGMENT, this example took NUMBER seconds with the option on and NUMBER second with it off in Java 6 update 29.",0,0,1
5370,"For the records, I found it ;o).",0,0,1
1994,We have a Java web application served from Apache Tomcat 6.,0,0,1
1533,You might have both JPA NUMBER and JPA NUMBER persistence jars on the classpath.,0,0,1
4066,"I want update text by line number,.",0,0,1
1359,For testing I've created a.,0,0,1
1786,Using CODE_FRAGMENT;.,0,0,1
1205,Here it is.,0,0,1
5144,"To learn more, see the Oracle Tutorial.",0,0,1
1598,"Since guava 21, you can use.",0,0,1
1107,"No-one's picked this up, but why are you trying to mock private methods?",0,0,1
1063,The source code is.,0,0,1
6024,"When your are ready to determine an appointment's start and stop times as seen through the lens of some region's wall-clock time, combine those parts above to generate a CODE_FRAGMENT object.",0,0,1
3920,Where the extra parameter CODE_FRAGMENT is to enable the append mode.,0,0,1
1703,In the tutorial they are using ``Google plugin for eclipse ''to build and deploy the application on to the App Engine.,0,0,1
3340,"I went on and assumed you meant to quantify it as greedy, hence the CODE_FRAGMENT in my example, instead of non-quantified CODE_FRAGMENT in your question.",0,0,1
4717,To get negative values working as well you could make a helper method for this.,0,0,1
956,User hibernate validation 4 +.,0,0,1
3683,Here is the actual data sent.,0,0,1
842,"Using you current code, make this tweak.",0,0,1
5172,e.g. see WEB_ADDRESS.,0,0,1
2779,"If you insist using CODE_FRAGMENT, you can try the below 2 ways.",0,0,1
2363,"It is possible to pass VM flags to expand this range, too.",0,0,1
1865,Here is the FILE_NAME.,0,0,1
582,"Working: took classes from Eclipse project's bin folder, ran on a Unix machine.",0,0,1
5801,If you can change the code it helps to use CODE_FRAGMENT ( with no host parameter or with a connected socket ).,0,0,1
3145,"If you want to implement a dynamic binding between names ( strings ) and values in Java, use a FILE_NAME.",0,0,1
3502,But when I run this json through CODE_FRAGMENT I see that CODE_FRAGMENT been replaced with CODE_FRAGMENT.,0,0,1
1792,Please help.,0,0,1
3321,This is a question just to satisfy my curiosity.,0,0,1
1328,See this official doc.,0,0,1
1548,"It will return the same context object, it will not create a new object.",0,0,1
5034,Can you help in understanding this code.,0,0,1
2067,Complexity is O ( N ).,0,0,1
4789,You could write a Matcher that only accepts alphabetic characters.,0,0,1
3564,I'm using it to convert huge lists of strings with HTML entities in them back to normal strings.,0,0,1
1442,"If you want content, use the CODE_FRAGMENT element ( which isn't a void element ).",0,0,1
6248,"You can still compare numerically, which was the goal all along!",0,0,1
5905,here is an example hot to use countdownlatch.,0,0,1
4779,Here is what I have now.,0,0,1
2036,Updated code.,0,0,1
217,I am developing some small stuff for google app engine FILE_NAME.,0,0,1
4204,The text file has 10 lines of data and each line contains a piece of data in the format of: ``Integer1-String1: String2 ''example:`` 123-ABC: DEFG''.,0,0,1
1739,I am completely newbie to this topic.,0,0,1
2164,Let's take a look at the CODE_FRAGMENT method.,0,0,1
2855,Use this logic it will work for consecutive same values otherwise use ArrayList.,0,0,1
1666,Problem is pretty API_NAME.,0,0,1
196,Inside FILE_NAME that should trigger the batch file put the following.,0,0,1
2845,The same number is: 2.,0,0,1
506,It should be solved FILE_NAME 8....,0,0,1
3634,The line that uses the CODE_FRAGMENT method should look something like this.,0,0,1
944,Something like this.,0,0,1
3865,Thanks and Greeting!,0,0,1
121,EDIT: I guess I need to rephrase my queries.,0,0,1
6225,It accepts a regular CODE_FRAGMENT object in its constructor and simply delegates all methods other than CODE_FRAGMENT to the wrapped object.,0,0,1
6224,Call it CODE_FRAGMENT or the like.,0,0,1
954,Regarding your 6 points.,0,0,1
2770,Do i need to use event mechanism?,0,0,1
2293,and acts accordingly to the message received and displays the message in your CODE_FRAGMENT of choice.,0,0,1
1970,What kind of a tool can I use to obfuscate/mask away my code similar to NewRelic `FILE_NAME?,0,0,1
4313,All of that can just go.,0,0,1
4485,"Dependencies are: tomcat-embed-core, tomcat-embed-websocket, tomcat-juli and because of ( Spring websocket example - error - Are you running in a Servlet container that supports J SR-356? )",0,0,1
5806,"UPDATE: Actually, it turns out that you CAN supply system properties to the Jarsigner tool, it's just not in the help message.",0,0,1
5944,tells JSF that the CODE_FRAGMENT should return an instance of the given FILE_NAME whenever a renderer of the given component family and renderer type is been requested.,0,0,1
2837,Thank you a lot in advance.,0,0,1
1611,I am attempting to get my JUnit tests for an Android application running using Ant.,0,0,1
1682,Use Type 4 Driver - Database-Protocol Driver ( Pure Java Driver ) as it is 100% pure Java.,0,0,1
4684,"like sample1, sample2 so I can play the music like FILE_PATH format is FILE_PATH how to get that music name?? )",0,0,1
4362,I inject the beans with AutowireHelper.,0,0,1
4307,"CODE_FRAGMENT is just going to close the stream ( via a CODE_FRAGMENT, in fact - at least in the JDK 6 implementation ).",0,0,1
264,While there are modules that need a Spring context since they just wrap parts of the domain model we think that some of our APIs do not.,0,0,1
268,So a simple initialization would be.,0,0,1
563,Use CODE_FRAGMENT.,0,0,1
5500,For direct and heap byte buffers CODE_FRAGMENT uses the CODE_FRAGMENT and CODE_FRAGMENT methods.,0,0,1
2076,You need to escape dot.,0,0,1
2284,"Check out the documentation for the CODE_FRAGMENT here, or.",0,0,1
3921,"Which creates the file writer in append mode, see the docs here.",0,0,1
1787,An example is as follows.,0,0,1
166,I can draw the circle with a transparent background like this.,0,0,1
4835,Spring AOP provides an option on proxy via FILE_NAME @EnableAspectJAutoProxy ( proxyTargetClass = true ).,0,0,1
4747,I have page FILE_NAME / tml ).,0,0,1
5203,What is best practice while testing Android Services?,0,0,1
2637,I see some mention of ``flavours ''on the net but seems all the hits are to do with Android development and properties.,0,0,1
3780,"But, i didn't give me the thing i need!",0,0,1
5726,There is a dynamic templating component that is moving from the tapx component library to core Tapestry in NUMBER.,0,0,1
3322,Consider the following two Java regular expressions: CODE_FRAGMENT and CODE_FRAGMENT.,0,0,1
4624,Some comments about this source code.,0,0,1
5454,I have FILE_NAME MassageSalon.,0,0,1
4030,"Remember, the bigger the heap, the longer the garbage collector takes, irrespective of whether you are using a concurrent collector such as CMS.",0,0,1
4522,How to do that is explained here.,0,0,1
2380,And then for FILE_NAME we have.,0,0,1
4780,Edit: Thank you everyone for the help!,0,0,1
4814,Just delete the method.,0,0,1
3462,"The application is a Spring/Hibernate webApp, which access the Oracle database.",0,0,1
4409,HashSet ( Java Platform SE 8 ) says.,0,0,1
3554,Now i want to translate the string FILE_NAME entity decoder.,0,0,1
4478,Maybe i found a solution to your problem.,0,0,1
2107,This is why CODE_FRAGMENT's argument is evaluated before a single item has gone through the first step of the stream.,0,0,1
4175,Any suggestions or interesting links appreciated!,0,0,1
494,So you must change the signature of your method to.,0,0,1
2722,Does anyone know what the C# equivalents would be for the methods shown above?,0,0,1
4420,See from Javadocs of String #compareTo.,0,0,1
3948,You can see in the code above I use this to call my bean in the other proyect.,0,0,1
1472,"I created a library project, exported it to a JAR file, and added to the build path of a couple of clients.",0,0,1
5141,API_NAME framework is built into Java 8 and later.,0,0,1
3432,"However, having said that, if you have a concrete need for modifying the mock request created by CODE_FRAGMENT manually and then having that re-used with CODE_FRAGMENT, you can create the FILE_NAME in your project.",0,0,1
5260,I think its because your using GASP which takes the points from the font style.,0,0,1
3600,Please see the following sample code.,0,0,1
4401,Just use CODE_FRAGMENT instead of CODE_FRAGMENT.,0,0,1
554,this is one of the mechanism provides by Struts2 to handle Cross-Site Request Forgery ( CSRF ).,0,0,1
239,I'm using Apache ftpserver ( Java ).,0,0,1
1224,"( Come on, put at least a CODE_FRAGMENT there - Logging is the best practice here, as suggested by @BaileyS. )",0,0,1
6040,We can extract an CODE_FRAGMENT from each of our pair of CODE_FRAGMENT objects.,0,0,1
1042,thanks in advance.,0,0,1
5223,What should I do to solve the issue?,0,0,1
1754,Something along the lines of.,0,0,1
3844,"If so, then how far does this go; for example, could a static final field be accessed by one thread before it's been initialized by another?",0,0,1
20,About setting default production profile already posted @andih.,0,0,1
276,"Or, assuming that CODE_FRAGMENT is a specific implementation of the CODE_FRAGMENT and AInterface is the central access we could just say, A uses a certain implementation of BInterface by default and so on and actually set them internally with new.",0,0,1
4454,I have tomcat hosting my website FILE_NAME api for database management.,0,0,1
1673,Select ``User DSN ''tab.,0,0,1
6109,the jsonp response looks like.,0,0,1
425,"In order to improve performance, data which relates to output information ( eg.",0,0,1
6172,Use float or double.,0,0,1
3929,Below is my code.,0,0,1
3983,What's happening?,0,0,1
3359,Try to download *.,0,0,1
2382,Examples of FILE_NAME names include.,0,0,1
3901,and call this at every button: ( saves you the setOnClickListener ).,0,0,1
5519,"Since you are using CODE_FRAGMENT, this will help.",0,0,1
1208,This video ID will be of next thumbnail which will be flipped.,0,0,1
1483,They should be unique!,0,0,1
3739,"If call is successful, the onResponse ( ) method is called.",0,0,1
4677,"( My question is here, how to list the music on JScrollPane?? )",0,0,1
1767,"You need an RSA key for encryption, maybe you can switch your signature algorithm to RSA/SHA1 to avoid the need for two keys.",0,0,1
1221,You can try and do nothing about it.,0,0,1
5079,Here it's the function that parses the json.,0,0,1
1574,The resulting list contains ``Erik ''only.,0,0,1
293,But is there a way to have Netbeans automatically connect with API_NAME and retrieve these files?,0,0,1
4508,"The repository description on MVNrepository lists several compile dependencies, including Selenium-Chrome-Driver, Selenium-FirefoSMILE_FACEriver, etc..",0,0,1
6067,It seems Oracle really removed the option.,0,0,1
1094,Any ideas are appreciated.,0,0,1
5317,Since that time we've tended more toward option two.,0,0,1
2142,You almost certainly have a firewall or anti-virus program blocking your ability to connect.,0,0,1
3469,Call Java Oracle Functions From Java program and see the Java CallableStatement API.,0,0,1
5342,There are one caveat with the use of callbacks in JNA.,0,0,1
1337,"Make sure FILE_NAME dependencies in your manifest file point to jars, relative to FILE_NAME's parent directory.",0,0,1
1769,You do not need to do anything special.,0,0,1
4031,You have a lot of tuning parameters and I would challenge that you need the majority of them.,0,0,1
6218,So what do you think?,0,0,1
601,to ensure the arraylist is always synchronised correctly.,0,0,1
2963,I have looked to the JNA code of the extraction method.,0,0,1
5936,The renderer is selected based on the component family and renderer type by CODE_FRAGMENT.,0,0,1
5951,"I have just a quick question: Are files created before they are finished, or are they finished and then created?",0,0,1
3300,The code in Java is.,0,0,1
4064,Runnable example ( adapted from answer to your previous question ).,0,0,1
1882,"And in your constructor, If you closeley look.",0,0,1
5779,You have to add FILE_NAME file using eclipse's interface.,0,0,1
588,I apologize if I missed anything obvious.,0,0,1
2094,"The stream ( if non parallel ) could be pass sequentially through all the steps ( filter, map.",0,0,1
3743,I'm trying to inject a DAO using @Autowire.,0,0,1
5480,Here's an example.,0,0,1
3752,FILE_NAME is instantiated inside an ItemProcessor bean ( spring batch ).,0,0,1
877,I feel like there should be some way of doing this with the FILE_NAME but I can't figure out a way to use it to get properties from an entity.,0,0,1
3785,"Since CODE_FRAGMENT is a meta character, and it's have a special meaning in regex.",0,0,1
6018,CODE_FRAGMENT -- How long the appointment should be.,0,0,1
4817,Just delete the instance variable CODE_FRAGMENT.,0,0,1
6038,Think of an CODE_FRAGMENT as a CODE_FRAGMENT stripped of it assigned time zone.,0,0,1
4499,I just found a solution for Java NUMBER + in combination with native and jni dlls.,0,0,1
5165,Use it.,0,0,1
89,"In your FILE_NAME, CODE_FRAGMENT has not been set and therefore is CODE_FRAGMENT.",0,0,1
2724,"XmlWriter, forward-only xml stream generator.",0,0,1
2482,and of course API_NAME.,0,0,1
5063,The CODE_FRAGMENT / CODE_FRAGMENT classes and subclasses are for reading / writing character-based data.,0,0,1
3267,You create a reference type by prefixing FILE_NAME declaration with CODE_FRAGMENT keyword.,0,0,1
6152,It should point to the exact line number the issue is happening on.,0,0,1
888,This example compiles and runs.,0,0,1
420,"Yes, you can do it nicely using Andy Khan's JExcel library.",0,0,1
460,"The arrays are initialized to CODE_FRAGMENT by default, which means, that if you set less than 5 hobbies, you try to call it on CODE_FRAGMENT which throws CODE_FRAGMENT.",0,0,1
3589,Accourding to this answer.,0,0,1
1199,"to get this index, use getElementIdx ( col, row ).",0,0,1
2628,"This means you've picked up a version built against Hadoop 1.x, hence the FILE_NAME vs interface exception.",0,0,1
4490,I am writing a cloud-sync application in Java with.,0,0,1
5539,I added.,0,0,1
3429,See JIRA issue SPR-13217 for details.,0,0,1
4054,You can also use Java 8's static methods in CODE_FRAGMENT.,0,0,1
435,"You'll have to write some utility to do this, however it is possible to do in JXL.",0,0,1
2497,It's documentation can be found here.,0,0,1
913,I've a program test to see if the user input is a positive number and an integer.,0,0,1
1665,Please help me if any changes can be made to the code.,0,0,1
9,Define your production environment as default profile in your API_NAME.,0,0,1
3163,So just use CODE_FRAGMENT instead of CODE_FRAGMENT.,0,0,1
2463,"Once you have a complete message, you need to process it.",0,0,1
5724,I have a requirement to modify the templates at rumtime.,0,0,1
4507,In my CODE_FRAGMENT script I have.,0,0,1
5359,Here is the code that does the push.,0,0,1
620,"Depending on what you need to accomplish, there might be better / other ways to achieve that.",0,0,1
5915,I also registered a new tag in CODE_FRAGMENT file as below.,0,0,1
6127,Example above produces output.,0,0,1
4247,On the right side of notification android is showing time.,0,0,1
5437,See details of this method here: WEB_ADDRESS #API_NAME.,0,0,1
6048,"The Joda-Time project, now in maintenance mode, advises migration API_NAME.",0,0,1
2776,Check here for an example which returns a String.,0,0,1
3126,"In Java, you typically don't write a single method that handle all sorts of arguments with all sorts of different types.",0,0,1
2918,You can try use byte [ ] instead of String object.,0,0,1
4443,You should implement a connection server that manages the connection to FCM to handle upstream and downstream messages.,0,0,1
2493,What am I missing???,0,0,1
2832,"I created the simplest possible android app which starts the RegisterActivity generated by the plugin, where I did plug the ID, Api Key and project number.",0,0,1
4883,The only thing to take in account is that templates must be staticly generated ( in order to be processed at compile-time ).,0,0,1
3768,Thank you in advance!,0,0,1
2602,There is no exact equivalent of a CODE_FRAGMENT in JDBC.,0,0,1
3730,Using FILE_NAME I can do something like this.,0,0,1
1085,Get the path of sd card.,0,0,1
2114,More detailed answer about why not allow it for non-parallel streams.,0,0,1
2155,Add this dependency to your API_NAME.,0,0,1
3232,I was thinking of creating a new JSONArray object and copy node which contains Carlos.,0,0,1
838,Java library for reading multipart/form-data http body containing multiple files.,0,0,1
819,"Java's CODE_FRAGMENT complies to this RFC, with a few caveats mentioned in its Javadoc.",0,0,1
1567,I've updated the example per the comment from Holger.,0,0,1
3250,I am doing a small project it is a interoperability FILE_NAME and.,0,0,1
1751,"Once you have the CODE_FRAGMENT, you can get to the CODE_FRAGMENT and the public and private keys.",0,0,1
2343,As to your point.,0,0,1
1284,which someone converted to a JSON string as follows.,0,0,1
3750,Any advice is welcome.,0,0,1
5489,Use FILE_NAME instead of float.,0,0,1
4961,Unlikely - Redis' PubSub messages are Strings/Byte streams.,0,0,1
5752,"However, I'd suggest using a graph visualization library like JUNG etc..",0,0,1
3556,url WEB_ADDRESS.,0,0,1
2386,"Otherwise, the absolute name is of the following form.",0,0,1
3015,My API_NAME seems to include the reference.,0,0,1
3106,"This exception is not because of absence of SunPkcs11 because i see the SunPkcs11 that i added, in the providers list.",0,0,1
4353,"That is why it says ``Non-static method toString ( int, int ) can not be referenced from a static context '', because you are trying to access a method which is not static in a static way.",0,0,1
1612,"While using Eclipse, it is no problem, all is compiled and can be run with no problem.",0,0,1
5137,"In the ThreeTen-Backport library for Java 6 & 7, use CODE_FRAGMENT.",0,0,1
6222,Your CODE_FRAGMENT method will pass a CODE_FRAGMENT directly to CODE_FRAGMENT.,0,0,1
4948,"Your showFields method needs to traverse FILE_NAME hierarchy, something like this.",0,0,1
5880,"Btw, you can also try apache http components.",0,0,1
4568,"When you add 3 hours, you will get March 30, 2010 02:00 UTC.",0,0,1
2088,So my Stream was finally.,0,0,1
1646,"If it is 1 then updateBar will be called once, if 2 then updateBar will be called twice etc..",0,0,1
4626,Note that the time zone ( for Rome ) is specified.,0,0,1
595,Using a concurrent data structure lets you get rid of the synchronized block.,0,0,1
5395,Add other jars from your JDK.,0,0,1
402,and you should get the following test results.,0,0,1
5790,I found that I needed to adjust the Apache configuration to include a ServerName or ServerAlias for the host.,0,0,1
3422,"You can add a util method to your test, something like.",0,0,1
5347,"Otherwise, it is important to have the callback instance deregister itself in it's finalize method.",0,0,1
5491,"I wouldn't use CODE_FRAGMENT, I suggest using CODE_FRAGMENT or CODE_FRAGMENT or CODE_FRAGMENT or ( if you have to ) CODE_FRAGMENT.",0,0,1
1731,can be found here.,0,0,1
3352,So I first tried to compile the sweet-alert-dialog project and I found out that I need to first somehow include the materialish-progress.,0,0,1
740,Gotcha!,0,0,1
1772,Can you do something like this were Java is FILE_NAME library.,0,0,1
2897,I took help from this Question.,0,0,1
3630,"The API_NAME ( String regex,.",0,0,1
2700,See also `Is there a Java equivalent or methodology for the typedef keyword in C++? ',0,0,1
6124,Any Idea how to solve such problem when using CGLIB proxies?,0,0,1
1871,"I've separated the loop body into two statements for clarity, but it's equivalent to.",0,0,1
3410,"I have a session bean, declared as.",0,0,1
744,The full story here!,0,0,1
4953,Let's assume my model looks like this.,0,0,1
1193,Hope that helps.,0,0,1
600,You could also use.,0,0,1
2538,I am using API_NAME for encoding.,0,0,1
4168,safety and scope beans to current thread.,0,0,1
641,In my main method im parsing the command line arguments like this.,0,0,1
1928,`users' table is located in newly created database.,0,0,1
1335,"When the CODE_FRAGMENT command fails, it's almost always because of one of two things.",0,0,1
3755,You can also retrieve the item by calling API_NAME ( ``Test1 '') and it will return the item associated with Test1.,0,0,1
3847,I'm trying to compile a tool which uses apache ant on linux.,0,0,1
2152,Here is my API_NAME.,0,0,1
907,I was wondering if it is possible to do something like this.,0,0,1
6302,"If you decalre CODE_FRAGMENT means all EC, CC, PT and HC values are one.",0,0,1
2580,( see: this answer ).,0,0,1
5643,Warning is -.,0,0,1
2073,I try to split the String ``NUMBER ''to 2 new Strings.,0,0,1
1298,My code is as follows.,0,0,1
650,It gives me the `Failed to Create the Java Virtual Machine '.,0,0,1
2366,You will have to remove ( ) and add ( ) the Object whose ``score ''changed for it to move to its new position in the queue.,0,0,1
1531,"Then I see, that criteriaBuilder don't have method createCriteriaUpdate.",0,0,1
5233,How can I detect a USB device plug in and out ( kind of listening ) with Java?,0,0,1
3797,I have integrated sonarQube for code analysis.,0,0,1
227,"because this API depends on which server ( tomcat, jetty ) you are using.",0,0,1
5114,"Due to type erasure, it will have a method CODE_FRAGMENT on the byte code level.",0,0,1
4679,"If i double click each music ( sample1, sample2 ), the music that I choose is playing.",0,0,1
5738,What Left.,0,0,1
5208,"After configure FILE_NAME to handle the payment process, following the instructions from here, I run my application and try checkout an order with paypal.",0,0,1
6186,In the following 2 lines of code.,0,0,1
1427,So the question is: Is there another library you can recommend that I missed?,0,0,1
3487,"Note, however, it's called CODE_FRAGMENT, with a capital D.",0,0,1
4513,The image below shows that it's being compiled from the Maven script.,0,0,1
3224,"Then you can do what you want with the Collection: sort it, loop through it, create a Comparator etc..",0,0,1
6070,Loading and storing bytes in the byte [ ] consumes 1/2 the bandwidth versus chars in the char [ ].,0,0,1
764,So if you annotate FILE_NAME only with CODE_FRAGMENT it will not get exported.,0,0,1
4387,WEB_ADDRESS #UNWRAP_ROOT_VALUE - see FILE_NAME #WRAP_ROOT_VALUE as well.,0,0,1
3409,Version of Spring is NUMBER.,0,0,1
4332,If I make the toString method static I get a different error in the FILE_NAME.,0,0,1
4926,how I could achieve this.,0,0,1
5490,And use Java code like this.,0,0,1
2734,Wrong JSF tags.,0,0,1
2322,"Note that the byte is written as given; to write a character that will be translated according to the platform's default character encoding, use the print ( char ) or println ( char ) methods.",0,0,1
3341,They are equivalent when you use them as is with CODE_FRAGMENT.,0,0,1
4826,"I cant use Date format,, only string.",0,0,1
3076,This uses ByteBuffer's CODE_FRAGMENT method.,0,0,1
4018,You should be able to do this by adding the parameter CODE_FRAGMENT.,0,0,1
228,so it comes with the server.,0,0,1
40,Use this construct.,0,0,1
6064,( Should be visible in a couple of days ).,0,0,1
4795,I am using batik library to create pdf document from svg file.,0,0,1
2605,How is blocking performed?,0,0,1
2241,3 ) Edit API_NAME configuration file ( in the `bower_component's folder ) and specify path for each js library components.,0,0,1
886,You also do not have to hardcode anything like CODE_FRAGMENT or CODE_FRAGMENT in your reflective code.,0,0,1
642,If I'm now running my programm with the following command.,0,0,1
232,Below are the features of Intellij IDEA ultimate edition.,0,0,1
6140,"On each iteration through the loop, you're incrementing CODE_FRAGMENT as well as CODE_FRAGMENT.",0,0,1
446,Here are my classes.,0,0,1
5173,I am using a regex that would basically regex for the following URL.,0,0,1
3907,"If you need to shorten the button code, Use View's in OnClick ( ) with help of switch statement.",0,0,1
331,I have already created a custom access decision voter and using it in a custom access decision manager.,0,0,1
3788,What method should I use to update existing ldap objects?,0,0,1
3389,Provide path from src or bin to file location ( Running from eclipse ).,0,0,1
179,I am executing a batch file FILE_NAME program.,0,0,1
467,Any help here?,0,0,1
529,"You're creating an array that is as long as the original array passed in ( which fills all elements with null ), but not necessarily filling all the slots.",0,0,1
3029,"As well, I am adding a set amount of Labels using an array and a for loop,.",0,0,1
2475,Maybe try put your data into BlockingQueue and in main thread take data.,0,0,1
4264,And here is how you can get back the term vectors from ES.,0,0,1
5505,How can i solve it.,0,0,1
2809,I would like to keep that original window open throughout when the user is using the File Chooser and after.,0,0,1
445,Any help would be appreciated.,0,0,1
2270,Use API_NAME ( ) instead of API_NAME ( ) to load the extracted binaries.,0,0,1
3616,Hi I have a sample log file here.,0,0,1
2461,"You might also want to look at an API like Netty, which I believe saves you from having to write logic to re-construct messages.",0,0,1
2074,but I get a CODE_FRAGMENT.,0,0,1
1166,you can use a CODE_FRAGMENT.,0,0,1
1892,"I have the same problem, I think it caused by CODE_FRAGMENT's proxy.",0,0,1
5559,"After the request is done, all you have to do is get and iterate the Perfomance logs and find ``API_NAME ''for the requested url.",0,0,1
1128,"Even Java5's support is going to end in two days ( 30 October 2009, that is! )",0,0,1
1410,Good luck!,0,0,1
4292,"Currently, I have a method.",0,0,1
5446,The customer is sleeping while he gets his massage.,0,0,1
4426,FILE_NAME: 30 line is basically CODE_FRAGMENT.,0,0,1
4477,Either pass 4 digit year or fix your pattern.,0,0,1
6364,"``Please wait, a download is in progress ''.",0,0,1
1343,"About having FILE_NAME dependencies in a separate folder, as you suggested, that's also possible.",0,0,1
1005,And I see lot of demo and sample code about broadcasting with CODE_FRAGMENT.,0,0,1
5512,"Well, you didn't do that for CODE_FRAGMENT object CODE_FRAGMENT.",0,0,1
4653,And I've added these settings to the WebMvc FILE_NAME.,0,0,1
2744,Use CDI's CODE_FRAGMENT with CODE_FRAGMENT or JSF's CODE_FRAGMENT with CODE_FRAGMENT.,0,0,1
238,Hope this helps.,0,0,1
794,In pre java7 simulating an ``in-memory filesystem ''is fairly complex.,0,0,1
2292,After that the UI thread CODE_FRAGMENT receives the message inside the CODE_FRAGMENT method.,0,0,1
4358,Also you need not need SimpleDateFormat to increment calendar details.,0,0,1
2988,"You don't you get Neo4j cross-compiled to the client, you have to run Neo4j as part of your backend service.",0,0,1
2765,"Also to note, when asking questions usually it is worth stating which version of JSF/server/J2EE you are using ( without such information, we can not tell you which annotations you should use ).",0,0,1
4252,Refer more than here: WEB_ADDRESS.,0,0,1
5613,Session scope population can be done ( ideally using a CODE_FRAGMENT ) using.,0,0,1
1876,Your fields should generally be private.,0,0,1
3740,"If after retrying for set amount of repetitions call fails, onFailedAfterRetry ( ) is called.",0,0,1
717,Is there any way to generate call graphs automatically?,0,0,1
2828,You absolutly need to be compiling FILE_NAME JRE NUMBER!!,0,0,1
5030,"So you can see, since CODE_FRAGMENT, exception is not thrown.",0,0,1
1327,You will need to provide classpath in Jar file's manifest file.,0,0,1
4469,You can read more about it here.,0,0,1
4498,Thank you for any hint.,0,0,1
1297,API_NAME: API_NAME ( ) FILE_NAME / lang/String;.,0,0,1
1995,Our users are stored in a Windows 2008 R2 active directory.,0,0,1
1425,Then I tried my own implementation with CODE_FRAGMENT and CODE_FRAGMENT classes.,0,0,1
4957,"I'm using CODE_FRAGMENT with a jackson and I was wondering if there is any better way to build a list of building an expanded version of this list than first calling then list method and then foreaching over all the Ids, calling the detail resources and appending the result to a list.",0,0,1
1780,use CODE_FRAGMENT.,0,0,1
131,With a CODE_FRAGMENT you can easily wait for all of the tasks to be completed.,0,0,1
3448,hey ) here's how I usually achieve that.,0,0,1
4865,can not be cast to API_NAME.,0,0,1
1794,"i have an arraylist of objects, each containing a year/month/day / hour property.",0,0,1
3426,In production I would assume that you are configuring either a CODE_FRAGMENT or a CODE_FRAGMENT.,0,0,1
3851,I also have set JAVA_HOME.,0,0,1
4590,Where is my mistake?,0,0,1
1779,How should I make it to get additional string input such as another user's id?,0,0,1
2665,Is there better way than to do it manually?,0,0,1
3238,You'll need to use a regex for for the CODE_FRAGMENT path expression.,0,0,1
6294,only HC will be initialized.,0,0,1
5827,"When you have received the CODE_FRAGMENT warning ( fatal in Java ), retry opening a CODE_FRAGMENT, but this time without a host name.",0,0,1
2435,I have chosen this as a recurring pattern throughout the project.,0,0,1
3811,What do I need to change about the way I package my app so it can just use the latest Java?,0,0,1
3737,Any suggestion for a better design would be appreciated.,0,0,1
4823,Choose an appropriate locale ( or leave out the two locale arguments to use the computer's defaut ).,0,0,1
5071,"In your particular example, the code is asymmetric because the HTTP service it designed to talk to is asymmetric.",0,0,1
4075,Check TextSamplerDemo.,0,0,1
5862,Restart your Tomcat ( important ).,0,0,1
2174,I have a Unix command to send email.,0,0,1
581,Multiple Threads ( Inner classes implementing Runnable ) sharing a Data Structure ( instance variable of the FILE_NAME ).,0,0,1
122,Await( ) as per the docs says.,0,0,1
2365,Just changing the map's value externally does not reorder the priority queue.,0,0,1
4341,Remember to have a CODE_FRAGMENT clause.,0,0,1
937,attempt to interpret the areas as cells of rectangular tables.,0,0,1
967,"You do that explicitly, but they are also a transitive dependency to hibernate-validator so you would get them either way.",0,0,1
4700,"I'm FILE_NAME NUMBER on Tomcat 7,.",0,0,1
713,I have downloaded a few Android applications from Google Play.,0,0,1
4859,The FILE_NAME ( NUMBER ) is coming from camel-jaxb in my app so it seems very contained and not like this answer suggests.,0,0,1
5448,The customer leaves the salon.,0,0,1
5635,"my beans are destroyed, How on startup I can get the same bean registered.",0,0,1
3457,If you know the word can only be found once you can surely place an break; statement so the loop won't continue after finding the match.,0,0,1
1656,It's best to do it right from the start.,0,0,1
3085,Check out this link for more info.,0,0,1
1847,"Sorry, should've added more.",0,0,1
3919,"In your code, you need to replace.",0,0,1
5815,"To allow your programs to work without re-compiling, run your app as.",0,0,1
4263,Create your index like so.,0,0,1
6188,What is context and what is CODE_FRAGMENT?,0,0,1
2049,use an CODE_FRAGMENT and add a FILE_NAME if not in there already.,0,0,1
4556,The only scenario I can think of is some a application container that has been requested to abort some work.,0,0,1
2661,"What I would like to do, take any random XML, and create object which will contain timestamps, integers, strings as well maps, basically it would be all decomposed based on the XML structure.",0,0,1
2695,you could use.,0,0,1
5218,"I have this CODE_FRAGMENT file provided below,.",0,0,1
1942,If you see the source code of this method you will see that.,0,0,1
5257,"Is this due to a technical limitation for sub-pixel AA in general, or a bug in Java, or just because Java doesn't even try for translucent text, or have I missed something?",0,0,1
1051,Throw a specific/custom exception and set a specific CODE_FRAGMENT for that.,0,0,1
4283,This triggers a CODE_FRAGMENT on other tables/entities.,0,0,1
112,Thanks for any help with this.,0,0,1
3282,"( Note that nodes may have multiple style classes, though I have never understood why this is a CODE_FRAGMENT rather than a CODE_FRAGMENT. )",0,0,1
3950,I also tried using this.,0,0,1
5702,The table below shows time required by simple loop and CODE_FRAGMENT.,0,0,1
5056,"In the code you referenced, readLine is called on a BufferedReader.",0,0,1
5708,I'm working with a program that runs lengthy SQL queries and stores the processed results in a HashMap.,0,0,1
3548,Which outputs.,0,0,1
3372,Guess I'll be trying to find a creative workaround in the meantime... The proximate cause of the failure is that there are more than 5 levels of subdirectories under.,0,0,1
648,This should read all files in the single input directory.,0,0,1
810,Find out more.,0,0,1
4873,The final CODE_FRAGMENT should look like.,0,0,1
685,Hope it helps.,0,0,1
4257,"Currently, I create the index like so.",0,0,1
3905,"If you add a method to do the CODE_FRAGMENT and CODE_FRAGMENT, you can reduce the lines for each button from two to one.",0,0,1
3592,IS there any way so that I can open using the code itself.,0,0,1
248,Lets see....,0,0,1
4970,"If you prefer using a CODE_FRAGMENT, you can call CODE_FRAGMENT to get the desired result.",0,0,1
5176,I am using this.,0,0,1
3899,In the CODE_FRAGMENT listener we can determine which button was clicked.,0,0,1
2470,"Each node in the network sends periodically updated data from sensors ( voltage, current, temperature etc. ).",0,0,1
5683,"So in other words, it would be a bug to recieve a non workday in this example.",0,0,1
4984,New information shows that a partial cross-join of the data is desired.,0,0,1
5966,How do I get this string into the form of a JSONArray so that I can access it's elements.,0,0,1
2914,"So, basically you write primitives ( e.g. CODE_FRAGMENT ) or objects ( CODE_FRAGMENT ) with the CODE_FRAGMENT and then you read them back using the CODE_FRAGMENT with the corresponding CODE_FRAGMENT-methods.",0,0,1
3939,My computer's OS is Mac OS X NUMBER.,0,0,1
355,I've attached a font (.,0,0,1
949,Suggestions that I found were.,0,0,1
6280,CODE_FRAGMENT gets the value 1.,0,0,1
2323,"Edit: - Missed to add one imp line, CODE_FRAGMENT.",0,0,1
4189,"Now, about scoped proxies.",0,0,1
2159,Write to file.,0,0,1
4967,"Input SAD_FACETotalDigits Required, NaturalNumberToBeFormatted ).",0,0,1
5378,FILE_NAME files are either bz2 or gz.,0,0,1
4848,"In my case, I simply excluded the jaxb-impl that came with camel-jaxb and the application started working correctly.",0,0,1
1909,I resolve it in my branch in github using CODE_FRAGMENT annotation.,0,0,1
5339,and the callback expected takes a parameter of a record.,0,0,1
4062,"So if i changed the 1st comparator to sort by name, not price, the 2nd will changed as well, but not the opposite!",0,0,1
272,It should mean either of the following two.,0,0,1
5129,The CODE_FRAGMENT has a resolution up to nanoseconds.,0,0,1
3081,I want insert the information of this object in the Fragment.,0,0,1
6321,Furthermore is there any other better api?,0,0,1
1866,And here is the FILE_NAME.,0,0,1
4527,You don't have to base64-encode the access token before use.,0,0,1
3709,The package gets deleted in the registry.,0,0,1
4930,You may want to check CODE_FRAGMENT.,0,0,1
405,"With this annotation, you don't need the PowerMock rule anymore!",0,0,1
4462,I know the question is very broad but please help me thanks.,0,0,1
5093,Here's a question about what's the difference between them: Gson Type Adapter vs. Custom Deseralizer.,0,0,1
3635,"Since all but the day of month in the line prefix is a fixed length, the simplest solution is.",1,0,0
3480,The good news: CODE_FRAGMENT is true.,1,0,0
5685,"The set can be a CODE_FRAGMENT, and you can wrap in an unmodifiable for good measure.",1,0,0
724,APKInspector provides both analysis functions and graphic features for the users to gain deep insight into the malicious apps.,1,0,0
654,"Besides increasing your heap, most of the time, it also helps to increase your PermGen space by using the CODE_FRAGMENT paramater.",1,0,0
6106,Here's a good example from Jetty's wiki page WEB_ADDRESS.,1,0,0
2649,"As others have already said, JFormattedTextField is the best way to do this.",1,0,0
2940,but if you want you can do this.,1,0,0
5916,This configuration works very well.,1,0,0
2271,That way you don't need to worry about API_NAME.,1,0,0
743,Problem solved.,1,0,0
5052,"If you are looking for a way to write to streams in a more intuitive way, try CODE_FRAGMENT.",1,0,0
137,I would recommend that you check the documentation for what they do.,1,0,0
664,You include your if / switch in a Factory which takes care of the ugliness and hides the abundance of ifs.,1,0,0
4897,"It is able to handle all polygon cases, including the self-intersecting ones.",1,0,0
519,Enabled and pointed my client to a secure port on my container and the last example ( the one that causes the exception ) works successfully.,1,0,0
182,When I print the path of the resource using API_NAME ( ''/ resource/API _ NAME'' ) it gives the path correctly as.,1,0,0
1726,Javolution Structs supports mapping of off heap memory as a data structure.,1,0,0
4651,I finally managed to get it to work.,1,0,0
910,There is a slight improvement that you can do that uses the CODE_FRAGMENT's internal cache by using its CODE_FRAGMENT method.,1,0,0
1517,"CODE_FRAGMENT overrides these methods, so there is no fear that such an Exception will be thrown.",1,0,0
5007,Databases are much better at handling data than Java.,1,0,0
6238,Now we're getting to the good part.,1,0,0
424,CODE_FRAGMENT is designed for increased read efficiency ( since this is the primary use of the API ).,1,0,0
1167,This will preserve the insertion order and insure no duplicates.,1,0,0
469,And you're able to use an external configuration file ( no extender needed ) to configure your logging.,1,0,0
4423,Earlier I was writing the file to local machine then it was working fine.,1,0,0
4982,"Comparison time should be fast, so total run time should be only slightly more than sum of run time for each ordered query.",1,0,0
2137,This works for me.,1,0,0
5262,it's worth a shot.,1,0,0
1930,Follow the steps otherwise your code is fine.,1,0,0
5005,Congratulations.,1,0,0
1011,But in the main case it works good enough.,1,0,0
69,Hope that helps some of you with the same problem.,1,0,0
1017,Stable and production ready lib.,1,0,0
3922,There is a good example showing how to put a file onto WebDAV server.,1,0,0
6094,"With the new design, they could also support other encodings in future.",1,0,0
5731,The application is complete and working fine.,1,0,0
5026,I understand the boolean expression here.,1,0,0
1683,Useful links.,1,0,0
2805,"Solved, in case anyone stumbles upon similar problem.",1,0,0
269,Which we currently are saved from using CODE_FRAGMENT.,1,0,0
5707,This should almost be obvious.,1,0,0
2761,"Curiously, you are doing it right for the CODE_FRAGMENT property.",1,0,0
823,"It will do the correct, ``legal ''stuff.",1,0,0
1102,This provides the method CODE_FRAGMENT for inserting the element at specific location and it is very efficient.,1,0,0
4710,but you can use the very util FILE_NAME like.,1,0,0
5518,This works fine.,1,0,0
1648,take a look FILE_NAME executors as these will help with your scheduling and remove the need for the sleep.,1,0,0
5658,"Better to use FILE_NAME API ( there are several, I am not sure which one is better ), it's more straightforward solution.",1,0,0
1320,Well a solution that works for me.,1,0,0
3560,"It seems, after a quick google search, that a popular solution to this is using CODE_FRAGMENT.",1,0,0
4126,And running your CODE_FRAGMENT will succeed.,1,0,0
5671,"I still think it's not the best design, but I did quite a bit of testing and can say with a good bit of confidence that it had no real impact on performance.",1,0,0
3941,Note: There were no errors in the console and the CODE_FRAGMENT function was working perfectly.,1,0,0
2545,"In lieu of that, however, in my experience, ASM offers probably the best combination of maturity, flexibility, and ease-of-use.",1,0,0
2364,I wouldn't worry too much about memory consumption unless you either have an insane number of tracks or several different maps floating around.,1,0,0
4737,FILE_NAME under test uses FILE_NAME that has a simple autowired configuration bean.,1,0,0
5680,"Or since in NUMBER% of cases, day will be correct.",1,0,0
3185,The FILE_NAME file will compile without and trouble.,1,0,0
3562,This might prove to be useful unbescape.,1,0,0
6184,Very good example of steady pooling readHere.,1,0,0
3226,You can use Gson library ( or any other ) to parse the json object FILE_NAME object.,1,0,0
4652,"Thank you dunni for your help, you've put me on the right path.",1,0,0
5073,This is not particularly unusual... or wrong.,1,0,0
5008,"Java is a fine general programming language but databases are optimized for relational data processing: they just do it faster, with less CPU, less memory and less network traffic.",1,0,0
1590,Here's a set of solutions to this challenge for both JDK types and Eclipse Collections types using CODE_FRAGMENT.,1,0,0
1402,"John Spurlock, the create of OData4j, personally responds to almost all of the posts there.",1,0,0
5244,Here's a knocked up utility to prove the point.,1,0,0
5600,It'll be available in JSF by CODE_FRAGMENT.,1,0,0
5924,( Hopefully with a good example. ),1,0,0
1637,I can assure you it works from within a web app and also within an application using the Spring framework.,1,0,0
1036,Not an extremely expensive operation I think.,1,0,0
5792,And this code worked.,1,0,0
4853,"For example, the following works great.",1,0,0
5867,Working Configuration.,1,0,0
6328,I solved the earlier problem.,1,0,0
2202,For me this worked.,1,0,0
5626,"The following code therefore, might be ( as I have not attempted using it ) a better one, if you are willing to use Mojarra specific classes.",1,0,0
6080,"For workloads that are memory capacity constrained ( i.e. have to run with limited heap space and GC takes a lot of time ), this option can prove useful.",1,0,0
2669,There is CODE_FRAGMENT to convert XML to JSON and mongo can deal with this on it's own.,1,0,0
5015,Embrace the Joy of Sets!,1,0,0
3173,"There are many ways to solve it, the simplest is call.",1,0,0
1774,or more concisely.,1,0,0
5408,At least I can commit a project on OSX and update to Windows and it still works.,1,0,0
4261,"Ok, I finally figured out what I was looking for ( this link was also quite helpful ).",1,0,0
5927,The maintainers' rationale is covered in the JSF specification.,1,0,0
1100,because it provides the lot of flexibility and improvements over using normal arrays.,1,0,0
4570,That's correct behavior.,1,0,0
4055,That way you often don't need to implement CODE_FRAGMENT at all manually.,1,0,0
1610,Any of the 5 options listed there should work just fine though.,1,0,0
1529,It's ok.,1,0,0
6144,Using consistent indentation and sensible whitespace can make your code much easier to read.,1,0,0
6359,Addendum: CODE_FRAGMENT is useful for managing lengthy background tasks while displaying interim progress.,1,0,0
2225,Specifically for bower there looks to be a good maven plugin here.,1,0,0
5668,But this gets optimized by the JIT and there is no measurable impact in production.,1,0,0
2942,I have FILE_NAME that allows to download a file from the internet.,1,0,0
1397,"Finally, an IDE would be helpful for you.",1,0,0
2907,This solution is more flexible.,1,0,0
5694,"Even in your own parsing approach, you can make it faster by returning the enum when you parse the list.",1,0,0
6102,API_NAME can be used.,1,0,0
6089,"CharSequences can also be a lot more efficient to manipulate - subsequences can be defined as views ( pointers ) onto the original content for example, instead of copying.",1,0,0
1406,"As for iOS development with OData, the best out there is OData4ObjC.",1,0,0
6308,So far i've done this for Twitter and it works very well.,1,0,0
5990,"Also, JodaTime makes calculations with time much simpler.",1,0,0